"id","name","sku","password"
1,"Weston Ratke","mac94@moen.com","$2y$10$kKDideYluRGXBvndYTS70OlmrrkXktdtMoRp1GEFGO6IUhHSPIGea"
2,"Dr. Alberto Boyle I","clark32@yahoo.com","$2y$10$kKDideYluRGXBvndYTS70OlmrrkXktdtMoRp1GEFGO6IUhHSPIGea"
3,"Candelario Kassulke","roselyn62@gmail.com","$2y$10$kKDideYluRGXBvndYTS70OlmrrkXktdtMoRp1GEFGO6IUhHSPIGea"
4,"Abner Mueller","kabbott@yahoo.com","$2y$10$kKDideYluRGXBvndYTS70OlmrrkXktdtMoRp1GEFGO6IUhHSPIGea"
5,"Mrs. Odie Miller Jr.","boyer.kallie@hotmail.com","$2y$10$kKDideYluRGXBvndYTS70OlmrrkXktdtMoRp1GEFGO6IUhHSPIGea"
6,"Prof. Santa Reichert","aparker@dicki.net","$2y$10$kKDideYluRGXBvndYTS70OlmrrkXktdtMoRp1GEFGO6IUhHSPIGea"
7,"Julio Will","brooklyn.stracke@yahoo.com","$2y$10$kKDideYluRGXBvndYTS70OlmrrkXktdtMoRp1GEFGO6IUhHSPIGea"
8,"Mr. Vinnie Ziemann","antonietta.witting@conroy.net","$2y$10$kKDideYluRGXBvndYTS70OlmrrkXktdtMoRp1GEFGO6IUhHSPIGea"
9,"Alexa Ledner","pasquale.cruickshank@yahoo.com","$2y$10$kKDideYluRGXBvndYTS70OlmrrkXktdtMoRp1GEFGO6IUhHSPIGea"
10,"Mrs. Janet Rolfson Sr.","wrice@yahoo.com","$2y$10$kKDideYluRGXBvndYTS70OlmrrkXktdtMoRp1GEFGO6IUhHSPIGea"
11,"Mrs. Meghan Mueller","ozella26@waelchi.com","$2y$10$kKDideYluRGXBvndYTS70OlmrrkXktdtMoRp1GEFGO6IUhHSPIGea"
12,"Dr. August Auer V","reggie.gerhold@schiller.com","$2y$10$kKDideYluRGXBvndYTS70OlmrrkXktdtMoRp1GEFGO6IUhHSPIGea"
13,"Dr. Lelia Hansen II","gudrun.gerhold@yahoo.com","$2y$10$kKDideYluRGXBvndYTS70OlmrrkXktdtMoRp1GEFGO6IUhHSPIGea"
14,"Ila Collins","imogene.steuber@yahoo.com","$2y$10$kKDideYluRGXBvndYTS70OlmrrkXktdtMoRp1GEFGO6IUhHSPIGea"
15,"Ms. Ashtyn Fritsch Sr.","derrick35@gmail.com","$2y$10$kKDideYluRGXBvndYTS70OlmrrkXktdtMoRp1GEFGO6IUhHSPIGea"
16,"Ford Kovacek III","luis.rohan@ondricka.com","$2y$10$kKDideYluRGXBvndYTS70OlmrrkXktdtMoRp1GEFGO6IUhHSPIGea"
17,"Miss Kenyatta Legros IV","skylar15@hotmail.com","$2y$10$kKDideYluRGXBvndYTS70OlmrrkXktdtMoRp1GEFGO6IUhHSPIGea"
18,"Eleanora DuBuque","kautzer.alexis@gorczany.com","$2y$10$kKDideYluRGXBvndYTS70OlmrrkXktdtMoRp1GEFGO6IUhHSPIGea"
19,"Avery Boyle","bheidenreich@brakus.com","$2y$10$kKDideYluRGXBvndYTS70OlmrrkXktdtMoRp1GEFGO6IUhHSPIGea"
20,"Carlo Lueilwitz","zackary.parker@turner.biz","$2y$10$kKDideYluRGXBvndYTS70OlmrrkXktdtMoRp1GEFGO6IUhHSPIGea"
21,"Mr. Marcus Schneider","llewellyn13@torphy.org","$2y$10$kKDideYluRGXBvndYTS70OlmrrkXktdtMoRp1GEFGO6IUhHSPIGea"
22,"Janae Hoppe","grimes.claudia@dietrich.biz","$2y$10$kKDideYluRGXBvndYTS70OlmrrkXktdtMoRp1GEFGO6IUhHSPIGea"
23,"Lucy Labadie","nasir.strosin@kub.com","$2y$10$kKDideYluRGXBvndYTS70OlmrrkXktdtMoRp1GEFGO6IUhHSPIGea"
24,"Bill Beier","dkeeling@gmail.com","$2y$10$kKDideYluRGXBvndYTS70OlmrrkXktdtMoRp1GEFGO6IUhHSPIGea"
25,"Prof. Brandy Ritchie","predovic.lonie@hotmail.com","$2y$10$kKDideYluRGXBvndYTS70OlmrrkXktdtMoRp1GEFGO6IUhHSPIGea"
26,"Ms. Tiffany Kuhlman MD","cormier.georgianna@hotmail.com","$2y$10$kKDideYluRGXBvndYTS70OlmrrkXktdtMoRp1GEFGO6IUhHSPIGea"
27,"Dr. Anna Stokes Jr.","wleuschke@gmail.com","$2y$10$kKDideYluRGXBvndYTS70OlmrrkXktdtMoRp1GEFGO6IUhHSPIGea"
28,"Araceli Lind","fahey.dana@krajcik.com","$2y$10$kKDideYluRGXBvndYTS70OlmrrkXktdtMoRp1GEFGO6IUhHSPIGea"
29,"Prof. Damien Runolfsdottir DDS","roman67@yahoo.com","$2y$10$kKDideYluRGXBvndYTS70OlmrrkXktdtMoRp1GEFGO6IUhHSPIGea"
30,"Mafalda Von","alfredo.lindgren@windler.com","$2y$10$kKDideYluRGXBvndYTS70OlmrrkXktdtMoRp1GEFGO6IUhHSPIGea"
31,"Dr. Albert Bruen Sr.","adolphus19@stanton.biz","$2y$10$kKDideYluRGXBvndYTS70OlmrrkXktdtMoRp1GEFGO6IUhHSPIGea"
32,"Prof. Favian Runolfsson DVM","cedrick.becker@marks.org","$2y$10$kKDideYluRGXBvndYTS70OlmrrkXktdtMoRp1GEFGO6IUhHSPIGea"
33,"Gino Ledner","purdy.gaylord@adams.com","$2y$10$kKDideYluRGXBvndYTS70OlmrrkXktdtMoRp1GEFGO6IUhHSPIGea"
34,"Miss Britney Walker","lorna65@kuhic.com","$2y$10$kKDideYluRGXBvndYTS70OlmrrkXktdtMoRp1GEFGO6IUhHSPIGea"
35,"Gerardo Toy","aufderhar.kasandra@hotmail.com","$2y$10$kKDideYluRGXBvndYTS70OlmrrkXktdtMoRp1GEFGO6IUhHSPIGea"
36,"Mrs. Leonora Prosacco","sallie.orn@hotmail.com","$2y$10$kKDideYluRGXBvndYTS70OlmrrkXktdtMoRp1GEFGO6IUhHSPIGea"
37,"Alysson Herzog PhD","chelsey.kiehn@gislason.com","$2y$10$kKDideYluRGXBvndYTS70OlmrrkXktdtMoRp1GEFGO6IUhHSPIGea"
38,"Dr. Wilfred Leuschke","gdietrich@ledner.com","$2y$10$kKDideYluRGXBvndYTS70OlmrrkXktdtMoRp1GEFGO6IUhHSPIGea"
39,"Carleton Friesen","rhoda86@gmail.com","$2y$10$kKDideYluRGXBvndYTS70OlmrrkXktdtMoRp1GEFGO6IUhHSPIGea"
40,"Jordy Lehner","joana.botsford@hotmail.com","$2y$10$kKDideYluRGXBvndYTS70OlmrrkXktdtMoRp1GEFGO6IUhHSPIGea"
41,"Carole Price","hans.dibbert@yahoo.com","$2y$10$kKDideYluRGXBvndYTS70OlmrrkXktdtMoRp1GEFGO6IUhHSPIGea"
42,"Ms. Albina Zulauf III","bertram95@bernhard.org","$2y$10$kKDideYluRGXBvndYTS70OlmrrkXktdtMoRp1GEFGO6IUhHSPIGea"
43,"Dr. Leilani Hudson III","kuhic.claudine@yost.com","$2y$10$kKDideYluRGXBvndYTS70OlmrrkXktdtMoRp1GEFGO6IUhHSPIGea"
44,"Andre Hessel","ellsworth.kovacek@weber.biz","$2y$10$kKDideYluRGXBvndYTS70OlmrrkXktdtMoRp1GEFGO6IUhHSPIGea"
45,"Alexandrea Farrell","ebert.dortha@hotmail.com","$2y$10$kKDideYluRGXBvndYTS70OlmrrkXktdtMoRp1GEFGO6IUhHSPIGea"
46,"Maurine Bartell","okeefe.joy@gmail.com","$2y$10$kKDideYluRGXBvndYTS70OlmrrkXktdtMoRp1GEFGO6IUhHSPIGea"
47,"Laney Cummerata","jacinthe.gleason@herman.com","$2y$10$kKDideYluRGXBvndYTS70OlmrrkXktdtMoRp1GEFGO6IUhHSPIGea"
48,"Jamarcus Weissnat","marion30@rodriguez.com","$2y$10$kKDideYluRGXBvndYTS70OlmrrkXktdtMoRp1GEFGO6IUhHSPIGea"
49,"Chadd Grady","dell88@jones.com","$2y$10$kKDideYluRGXBvndYTS70OlmrrkXktdtMoRp1GEFGO6IUhHSPIGea"
50,"Ambrose Kunze","kgutkowski@hotmail.com","$2y$10$kKDideYluRGXBvndYTS70OlmrrkXktdtMoRp1GEFGO6IUhHSPIGea"
51,"Parker Goldner","turner.rosie@berge.com","$2y$10$kKDideYluRGXBvndYTS70OlmrrkXktdtMoRp1GEFGO6IUhHSPIGea"
52,"Jerad Murray I","farrell.gaylord@yahoo.com","$2y$10$kKDideYluRGXBvndYTS70OlmrrkXktdtMoRp1GEFGO6IUhHSPIGea"
53,"Mrs. Ethelyn Terry Jr.","theresia92@hotmail.com","$2y$10$kKDideYluRGXBvndYTS70OlmrrkXktdtMoRp1GEFGO6IUhHSPIGea"
54,"August Kemmer","molly.walker@streich.com","$2y$10$kKDideYluRGXBvndYTS70OlmrrkXktdtMoRp1GEFGO6IUhHSPIGea"
55,"Manuel Lakin","destini90@bergnaum.info","$2y$10$kKDideYluRGXBvndYTS70OlmrrkXktdtMoRp1GEFGO6IUhHSPIGea"
56,"Iva Botsford","ljerde@gmail.com","$2y$10$kKDideYluRGXBvndYTS70OlmrrkXktdtMoRp1GEFGO6IUhHSPIGea"
57,"Aryanna Stracke","jschaefer@hotmail.com","$2y$10$kKDideYluRGXBvndYTS70OlmrrkXktdtMoRp1GEFGO6IUhHSPIGea"
58,"Bartholome Mann","jevon.kessler@hotmail.com","$2y$10$kKDideYluRGXBvndYTS70OlmrrkXktdtMoRp1GEFGO6IUhHSPIGea"
59,"Autumn Breitenberg","blanche.rosenbaum@jacobs.com","$2y$10$kKDideYluRGXBvndYTS70OlmrrkXktdtMoRp1GEFGO6IUhHSPIGea"
60,"Kevon Metz","runte.sabrina@bednar.net","$2y$10$kKDideYluRGXBvndYTS70OlmrrkXktdtMoRp1GEFGO6IUhHSPIGea"
61,"Rosario Breitenberg","rashawn64@carroll.org","$2y$10$kKDideYluRGXBvndYTS70OlmrrkXktdtMoRp1GEFGO6IUhHSPIGea"
62,"Betsy Bartoletti","juvenal53@schowalter.net","$2y$10$kKDideYluRGXBvndYTS70OlmrrkXktdtMoRp1GEFGO6IUhHSPIGea"
63,"Garrison Dickinson","eichmann.darion@yahoo.com","$2y$10$kKDideYluRGXBvndYTS70OlmrrkXktdtMoRp1GEFGO6IUhHSPIGea"
64,"Isidro Satterfield","marisol03@lueilwitz.com","$2y$10$kKDideYluRGXBvndYTS70OlmrrkXktdtMoRp1GEFGO6IUhHSPIGea"
65,"Jaylin Larkin Sr.","gottlieb.jaron@yahoo.com","$2y$10$kKDideYluRGXBvndYTS70OlmrrkXktdtMoRp1GEFGO6IUhHSPIGea"
66,"Ellsworth Marquardt","kathryn.mann@yahoo.com","$2y$10$kKDideYluRGXBvndYTS70OlmrrkXktdtMoRp1GEFGO6IUhHSPIGea"
67,"Jalon Bauch","vlockman@von.com","$2y$10$kKDideYluRGXBvndYTS70OlmrrkXktdtMoRp1GEFGO6IUhHSPIGea"
68,"Dr. Jeffry Conn Jr.","blaise37@gmail.com","$2y$10$kKDideYluRGXBvndYTS70OlmrrkXktdtMoRp1GEFGO6IUhHSPIGea"
69,"Dr. Clay Kuhic","helena45@yahoo.com","$2y$10$kKDideYluRGXBvndYTS70OlmrrkXktdtMoRp1GEFGO6IUhHSPIGea"
70,"Michael Swift IV","joelle.corkery@doyle.com","$2y$10$kKDideYluRGXBvndYTS70OlmrrkXktdtMoRp1GEFGO6IUhHSPIGea"
71,"Mr. Lorenza Mohr","frederick72@krajcik.com","$2y$10$kKDideYluRGXBvndYTS70OlmrrkXktdtMoRp1GEFGO6IUhHSPIGea"
72,"Dr. Arnold Bruen MD","kirk30@hoeger.com","$2y$10$kKDideYluRGXBvndYTS70OlmrrkXktdtMoRp1GEFGO6IUhHSPIGea"
73,"Arturo Skiles V","wilkinson.bernard@schimmel.org","$2y$10$kKDideYluRGXBvndYTS70OlmrrkXktdtMoRp1GEFGO6IUhHSPIGea"
74,"Amira Renner Sr.","denesik.guiseppe@rau.com","$2y$10$kKDideYluRGXBvndYTS70OlmrrkXktdtMoRp1GEFGO6IUhHSPIGea"
75,"Amanda O'Hara","zwitting@goodwin.org","$2y$10$kKDideYluRGXBvndYTS70OlmrrkXktdtMoRp1GEFGO6IUhHSPIGea"
76,"Phyllis Mitchell","sbeatty@yahoo.com","$2y$10$kKDideYluRGXBvndYTS70OlmrrkXktdtMoRp1GEFGO6IUhHSPIGea"
77,"Alejandra Fadel","armand.howell@yahoo.com","$2y$10$kKDideYluRGXBvndYTS70OlmrrkXktdtMoRp1GEFGO6IUhHSPIGea"
78,"Prof. Damian Wilkinson MD","destany.brakus@runolfsson.com","$2y$10$kKDideYluRGXBvndYTS70OlmrrkXktdtMoRp1GEFGO6IUhHSPIGea"
79,"Alexandrea Simonis","alek55@shanahan.com","$2y$10$kKDideYluRGXBvndYTS70OlmrrkXktdtMoRp1GEFGO6IUhHSPIGea"
80,"Maximillia Buckridge V","swaniawski.elna@moen.net","$2y$10$kKDideYluRGXBvndYTS70OlmrrkXktdtMoRp1GEFGO6IUhHSPIGea"
81,"Mr. Javier Miller","tobin.mueller@yahoo.com","$2y$10$kKDideYluRGXBvndYTS70OlmrrkXktdtMoRp1GEFGO6IUhHSPIGea"
82,"Kianna Goodwin","maureen84@hotmail.com","$2y$10$kKDideYluRGXBvndYTS70OlmrrkXktdtMoRp1GEFGO6IUhHSPIGea"
83,"Cyril Murphy MD","luther.crona@hotmail.com","$2y$10$kKDideYluRGXBvndYTS70OlmrrkXktdtMoRp1GEFGO6IUhHSPIGea"
84,"Briana Schiller","gonzalo.rau@hotmail.com","$2y$10$kKDideYluRGXBvndYTS70OlmrrkXktdtMoRp1GEFGO6IUhHSPIGea"
85,"Rhett Howe I","ona.oreilly@yahoo.com","$2y$10$kKDideYluRGXBvndYTS70OlmrrkXktdtMoRp1GEFGO6IUhHSPIGea"
86,"Mrs. Edwina Satterfield","pvolkman@brakus.com","$2y$10$kKDideYluRGXBvndYTS70OlmrrkXktdtMoRp1GEFGO6IUhHSPIGea"
87,"Janiya Price","wyman.reese@gmail.com","$2y$10$kKDideYluRGXBvndYTS70OlmrrkXktdtMoRp1GEFGO6IUhHSPIGea"
88,"Corene Osinski","robel.alaina@stanton.org","$2y$10$kKDideYluRGXBvndYTS70OlmrrkXktdtMoRp1GEFGO6IUhHSPIGea"
89,"Blake Koch","yschinner@yahoo.com","$2y$10$kKDideYluRGXBvndYTS70OlmrrkXktdtMoRp1GEFGO6IUhHSPIGea"
90,"Mrs. Domenica Stamm IV","dsawayn@ward.com","$2y$10$kKDideYluRGXBvndYTS70OlmrrkXktdtMoRp1GEFGO6IUhHSPIGea"
91,"Dr. Velda Wyman","kshlerin.alexys@hotmail.com","$2y$10$kKDideYluRGXBvndYTS70OlmrrkXktdtMoRp1GEFGO6IUhHSPIGea"
92,"Dr. Wiley Schmeler I","cartwright.jarrett@gmail.com","$2y$10$kKDideYluRGXBvndYTS70OlmrrkXktdtMoRp1GEFGO6IUhHSPIGea"
93,"Dr. Katheryn Bayer I","mrau@medhurst.com","$2y$10$kKDideYluRGXBvndYTS70OlmrrkXktdtMoRp1GEFGO6IUhHSPIGea"
94,"Tevin Feest","bkoss@gmail.com","$2y$10$kKDideYluRGXBvndYTS70OlmrrkXktdtMoRp1GEFGO6IUhHSPIGea"
95,"Zachariah Marks","swaniawski.rowland@dare.org","$2y$10$kKDideYluRGXBvndYTS70OlmrrkXktdtMoRp1GEFGO6IUhHSPIGea"
96,"Brando Ledner Jr.","chadd.bruen@hotmail.com","$2y$10$kKDideYluRGXBvndYTS70OlmrrkXktdtMoRp1GEFGO6IUhHSPIGea"
97,"Abigail Stroman","mae60@casper.com","$2y$10$kKDideYluRGXBvndYTS70OlmrrkXktdtMoRp1GEFGO6IUhHSPIGea"
98,"Karen Mraz PhD","rita84@christiansen.com","$2y$10$kKDideYluRGXBvndYTS70OlmrrkXktdtMoRp1GEFGO6IUhHSPIGea"
99,"Mr. Osbaldo Hayes","beahan.domingo@waters.org","$2y$10$kKDideYluRGXBvndYTS70OlmrrkXktdtMoRp1GEFGO6IUhHSPIGea"
100,"Marta Satterfield","kathryn.kuvalis@jacobs.biz","$2y$10$kKDideYluRGXBvndYTS70OlmrrkXktdtMoRp1GEFGO6IUhHSPIGea"
101,"New","new@gmail.com","$2y$10$kKDideYluRGXBvndYTS70OlmrrkXktdtMoRp1GEFGO6IUhHSPIGea"
102,"Maschine","maschine@gmail.com","$2y$10$kKDideYluRGXBvndYTS70OlmrrkXktdtMoRp1GEFGO6IUhHSPIGea"
103,"Traktor","traktor@gmail.com","$2y$10$kKDideYluRGXBvndYTS70OlmrrkXktdtMoRp1GEFGO6IUhHSPIGea"
104,"Komplete","komplete@gmail.com","$2y$10$kKDideYluRGXBvndYTS70OlmrrkXktdtMoRp1GEFGO6IUhHSPIGea"
105,"Kontakt","kontakt@gmail.com","$2y$10$kKDideYluRGXBvndYTS70OlmrrkXktdtMoRp1GEFGO6IUhHSPIGea"
106,"Reaktor","reaktor@gmail.com","$2y$10$kKDideYluRGXBvndYTS70OlmrrkXktdtMoRp1GEFGO6IUhHSPIGea"
